{
  "ID": "9576F2CB78674305838C65FD2BE224AC",
  "ActionKeyword": "op",
  "Disabled": false,
  "IsGlobal": false,
  "Name": "1Password",
  "Author": "KairuDeibisu",
  "Version": "1.6.0",
  "Language": "csharp",
  "Website": "https://github.com/KairuDeibisu/PowerToysRunPlugin1Password",
  "ExecuteFileName": "Community.PowerToys.Run.Plugin._1Password.dll",
  "IcoPathDark": "Images\\_1PasswordPlugin.dark.png",
  "IcoPathLight": "Images\\_1PasswordPlugin.light.png",
  "DynamicLoading": true
}